"Path","Reason"
".obsidian\workspace.json","security-exclusion"
"99_隔离_黑帽资料\_原件\爆款打造\爆款打造\79个高质量Amazon套路玩法（黑科技 白帽玩法）.xls","security-exclusion"
"99_隔离_黑帽资料\_原件\账号安全\黑帽玩法\12种亚马逊赶跟卖全攻略.docx","security-exclusion"
"99_隔离_黑帽资料\_原件\账号安全\黑帽玩法\2025亚马逊恶搞竞争对手大全.docx","security-exclusion"
"99_隔离_黑帽资料\_原件\账号安全\黑帽玩法\23种赶跟卖方法.pdf","security-exclusion"
"99_隔离_黑帽资料\_原件\账号安全\黑帽玩法\shopify赶跟卖教程.docx","security-exclusion"
"99_隔离_黑帽资料\_原件\账号安全\黑帽玩法\白帽无限BD操作解析.pdf","security-exclusion"
"99_隔离_黑帽资料\_原件\账号安全\黑帽玩法\被竞争对手用独立站投诉版权侵权,有什么有效的办法可以预防吗？.docx","security-exclusion"
"99_隔离_黑帽资料\_原件\账号安全\黑帽玩法\拆除竞品僵尸链接方法.pdf","security-exclusion"
"99_隔离_黑帽资料\_原件\账号安全\黑帽玩法\拆竞对僵尸评论.pdf","security-exclusion"
"99_隔离_黑帽资料\_原件\账号安全\黑帽玩法\常规翻新加跨站点翻新.docx","security-exclusion"
"99_隔离_黑帽资料\_原件\账号安全\黑帽玩法\店铺被封后品牌备案解绑.docx","security-exclusion"
"99_隔离_黑帽资料\_原件\账号安全\黑帽玩法\多开节点的方法.docx","security-exclusion"
"99_隔离_黑帽资料\_原件\账号安全\黑帽玩法\恶意直评删除方法.docx","security-exclusion"
"99_隔离_黑帽资料\_原件\账号安全\黑帽玩法\翻新教程.pdf","security-exclusion"
"99_隔离_黑帽资料\_原件\账号安全\黑帽玩法\反击恶搞教程.pdf","security-exclusion"
"99_隔离_黑帽资料\_原件\账号安全\黑帽玩法\分享亚马逊库存快速上架的方法.docx","security-exclusion"
"99_隔离_黑帽资料\_原件\账号安全\黑帽玩法\赶跟卖二十三招.pdf","security-exclusion"
"99_隔离_黑帽资料\_原件\账号安全\黑帽玩法\高退货率标签的预防以及三个消除办法.docx","security-exclusion"
"99_隔离_黑帽资料\_原件\账号安全\黑帽玩法\跟卖.jpg","security-exclusion"
"99_隔离_黑帽资料\_原件\账号安全\黑帽玩法\解密大卖是如何在首页卡视频？（附高质量的测评实操步骤）.docx","security-exclusion"
"99_隔离_黑帽资料\_原件\账号安全\黑帽玩法\利用亚马逊客服删差评话术模板.pdf","security-exclusion"
"99_隔离_黑帽资料\_原件\账号安全\黑帽玩法\秒杀失败-未验证的参考价-解决方法.pdf","security-exclusion"
"99_隔离_黑帽资料\_原件\账号安全\黑帽玩法\突破限制发货流程.docx","security-exclusion"
"99_隔离_黑帽资料\_原件\账号安全\黑帽玩法\无限秒杀投诉.pdf","security-exclusion"
"99_隔离_黑帽资料\_原件\账号安全\黑帽玩法\修改增加类目节点的方法汇总.docx","security-exclusion"
"99_隔离_黑帽资料\_原件\账号安全\黑帽玩法\亚马逊跨站点“黑科技”.docx","security-exclusion"
"99_隔离_黑帽资料\_原件\账号安全\黑帽玩法\亚马逊利用独立站版权投诉法及其他反击方法.pdf","security-exclusion"
"99_隔离_黑帽资料\_原件\账号安全\黑帽玩法\亚马逊卖家必学！防跟卖和赶跟卖技巧！.pdf","security-exclusion"
"99_隔离_黑帽资料\_原件\账号安全\黑帽玩法\亚马逊平台上被竞争对手恶搞listing变狗的六种情况的解决方法汇总.pdf","security-exclusion"
"99_隔离_黑帽资料\_原件\账号安全\黑帽玩法\亚马逊种子评论打造与合并技巧超详解.pdf","security-exclusion"
"99_隔离_黑帽资料\_原件\账号安全\黑帽玩法\最新亚马逊产品差评移除方法.pdf","security-exclusion"
"99_隔离_黑帽资料\_原件\账号安全\账号申诉\赶跟卖教程.docx","security-exclusion"
"99_隔离_黑帽资料\_原件\账号安全\账号申诉\赶跟卖死号POA.docx","security-exclusion"
"99_隔离_黑帽资料\AGENTS.md","security-exclusion"
"99_隔离_黑帽资料\爆款打造\爆款打造\79个高质量Amazon套路玩法（黑科技 白帽玩法）.md","security-exclusion"
"99_隔离_黑帽资料\隔离说明.md","security-exclusion"
"99_隔离_黑帽资料\账号安全\黑帽玩法\12种亚马逊赶跟卖全攻略.md","security-exclusion"
"99_隔离_黑帽资料\账号安全\黑帽玩法\2025亚马逊恶搞竞争对手大全.md","security-exclusion"
"99_隔离_黑帽资料\账号安全\黑帽玩法\23种赶跟卖方法.md","security-exclusion"
"99_隔离_黑帽资料\账号安全\黑帽玩法\shopify赶跟卖教程.md","security-exclusion"
"99_隔离_黑帽资料\账号安全\黑帽玩法\白帽无限BD操作解析.md","security-exclusion"
"99_隔离_黑帽资料\账号安全\黑帽玩法\被竞争对手用独立站投诉版权侵权,有什么有效的办法可以预防吗？.md","security-exclusion"
"99_隔离_黑帽资料\账号安全\黑帽玩法\拆除竞品僵尸链接方法.md","security-exclusion"
"99_隔离_黑帽资料\账号安全\黑帽玩法\拆竞对僵尸评论.md","security-exclusion"
"99_隔离_黑帽资料\账号安全\黑帽玩法\常规翻新加跨站点翻新.md","security-exclusion"
"99_隔离_黑帽资料\账号安全\黑帽玩法\店铺被封后品牌备案解绑.md","security-exclusion"
"99_隔离_黑帽资料\账号安全\黑帽玩法\多开节点的方法.md","security-exclusion"
"99_隔离_黑帽资料\账号安全\黑帽玩法\恶意直评删除方法.md","security-exclusion"
"99_隔离_黑帽资料\账号安全\黑帽玩法\翻新教程.md","security-exclusion"
"99_隔离_黑帽资料\账号安全\黑帽玩法\反击恶搞教程.md","security-exclusion"
"99_隔离_黑帽资料\账号安全\黑帽玩法\分享亚马逊库存快速上架的方法.md","security-exclusion"
"99_隔离_黑帽资料\账号安全\黑帽玩法\赶跟卖二十三招.md","security-exclusion"
"99_隔离_黑帽资料\账号安全\黑帽玩法\高退货率标签的预防以及三个消除办法.md","security-exclusion"
"99_隔离_黑帽资料\账号安全\黑帽玩法\跟卖.md","security-exclusion"
"99_隔离_黑帽资料\账号安全\黑帽玩法\解密大卖是如何在首页卡视频？（附高质量的测评实操步骤）.md","security-exclusion"
"99_隔离_黑帽资料\账号安全\黑帽玩法\利用亚马逊客服删差评话术模板.md","security-exclusion"
"99_隔离_黑帽资料\账号安全\黑帽玩法\秒杀失败-未验证的参考价-解决方法.md","security-exclusion"
"99_隔离_黑帽资料\账号安全\黑帽玩法\突破限制发货流程.md","security-exclusion"
"99_隔离_黑帽资料\账号安全\黑帽玩法\无限秒杀投诉.md","security-exclusion"
"99_隔离_黑帽资料\账号安全\黑帽玩法\修改增加类目节点的方法汇总.md","security-exclusion"
"99_隔离_黑帽资料\账号安全\黑帽玩法\亚马逊跨站点“黑科技”.md","security-exclusion"
"99_隔离_黑帽资料\账号安全\黑帽玩法\亚马逊利用独立站版权投诉法及其他反击方法.md","security-exclusion"
"99_隔离_黑帽资料\账号安全\黑帽玩法\亚马逊卖家必学！防跟卖和赶跟卖技巧！.md","security-exclusion"
"99_隔离_黑帽资料\账号安全\黑帽玩法\亚马逊平台上被竞争对手恶搞listing变狗的六种情况的解决方法汇总.md","security-exclusion"
"99_隔离_黑帽资料\账号安全\黑帽玩法\亚马逊种子评论打造与合并技巧超详解.md","security-exclusion"
"99_隔离_黑帽资料\账号安全\黑帽玩法\最新亚马逊产品差评移除方法.md","security-exclusion"
"99_隔离_黑帽资料\账号安全\账号申诉\赶跟卖教程.md","security-exclusion"
"99_隔离_黑帽资料\账号安全\账号申诉\赶跟卖死号POA.md","security-exclusion"
